{"Microsoft Text Input Application": 1779.6498410000006, "Inbox - Outlook \u200e- Mail": 1779.6498410000006, "Films & TV": 1779.6498410000006, "Settings": 1779.6498410000006, "Mail": 1779.6498410000006, "Calculator": 1779.6498410000006, "Microsoft Store": 1779.6498410000006, "C:\\Windows\\System32\\cmd.exe": 1779.6498410000006, "Program Manager": 1779.6498410000006, "MainWindow": 1779.6498410000006, "Task Manager": 1779.4683670000006, "ems-client-app": 1614.3279520000012, "main.js - Visual Studio Code": 1228.5844369999995, "npm": 1018.3382129999999, "employee_monitoring_system": 1013.328958, "Unable to terminate process": 490.97457599999984, "node.js - Electron kill child_process.exec - Stack Overflow and 6 more pages - Personal - Microsoft\u200b Edge": 415.9482740000002, "Notification | Electron and 8 more pages - Personal - Microsoft\u200b Edge": 355.9593329999999, "YouTube Music - Brave": 295.48672500000015, "Notifications (Windows, Linux, macOS) | Electron and 5 more pages - Personal - Microsoft\u200b Edge": 265.627475, "Remember That Night? - YouTube Music - Brave": 265.54219499999994, "Spawn a child process in Electron - Stack Overflow and 2 more pages - Personal - Microsoft\u200b Edge": 250.47712500000003, "Closer (feat. Halsey) - YouTube Music - Brave": 230.48545800000002, "\u25cf main.js - Visual Studio Code": 210.345167, "Let Me Love You (feat. Justin Bieber) - YouTube Music - Brave": 195.356917, "Scars To Your Beautiful - YouTube Music - Brave": 190.39959099999996, "\u25cf functions.js - Visual Studio Code": 175.311615, "Alone - YouTube Music - Brave": 130.246078, "Task Switching": 120.191658, "Error": 110.215149, "The Nights - YouTube Music - Brave": 105.34598199999999, "Shape of You - YouTube Music - Brave": 100.17975999999999, "node.js - Electron kill child_process.exec - Stack Overflow and 7 more pages - Personal - Microsoft\u200b Edge": 95.59000899999998, "BSR (F:)": 95.163035, "i hate u, i love u (feat. Olivia O'Brien) - YouTube Music - Brave": 85.42397400000002, "Attention - YouTube Music - Brave": 65.350082, "javascript - Stdout of Node.js child_process exec is cut short - Stack Overflow and 3 more pages - Personal - Microsoft\u200b Edge": 65.13976000000001, "functions.js - Visual Studio Code": 60.106362, "\u25cf start.js - Visual Studio Code": 60.090489000000005, "felixrieseberg/electron-windows-notifications: Send native Windows WinRT notifications from Electron and 8 more pages - Personal - Microsoft\u200b Edge": 50.157686, "pendrive": 50.102720000000005, "All of Me - YouTube Music - Brave": 45.174134, "start.js - Visual Studio Code": 45.109774, "New tab - Personal - Microsoft\u200b Edge": 40.075608, "Something Just Like This - YouTube Music - Brave": 35.275811, "New tab and 1 more page - Personal - Microsoft\u200b Edge": 35.064177, "Page not found \u00b7 GitHub and 6 more pages - Personal - Microsoft\u200b Edge": 30.099101, "Girls Like You (feat. Cardi B) - YouTube Music - Brave": 25.146052, "Turn on caret browsing?": 30.047785, "debugging - How do I debug \"Error: spawn ENOENT\" on node.js? - Stack Overflow and 11 more pages - Personal - Microsoft\u200b Edge": 20.124591, "electron js childprocess exec stdout - Bing - Personal - Microsoft\u200b Edge": 20.042009999999998, "employee_monitoring_system (Not Responding)": 20.038799, "javascript - Child Process Exec Failed Electron App Calling nodejs SpeedTest - Stack Overflow and 2 more pages - Personal - Microsoft\u200b Edge": 20.021689000000002, "node.js - Child process: The stdout parameter - Stack Overflow and 2 more pages - Personal - Microsoft\u200b Edge": 15.039583, "Formatting BSR (F:)": 15.032649, "HDD Storage space (E:)": 15.030294, "How to use Notifications? \u00b7 Issue #174 \u00b7 maximegris/angular-electron and 8 more pages - Personal - Microsoft\u200b Edge": 15.029419, "3% complete": 15.025659999999998, "electron js fork exe child processes - Bing - Personal - Microsoft\u200b Edge": 15.019839999999999, "One Call Away - YouTube Music - Brave": 10.118603, "0% complete": 10.020198, "Telugu": 10.01947, "dialog | Electron and 6 more pages - Personal - Microsoft\u200b Edge": 10.019463, "electron js childprocess exec stdout - Bing and 1 more page - Personal - Microsoft\u200b Edge": 10.018764000000001, "2% complete": 10.018039, "5% complete": 10.015213, "New tab and 4 more pages - Personal - Microsoft\u200b Edge": 10.01519, "1% complete": 10.011561, "NotificationConstructorOptions - Bing and 6 more pages - Personal - Microsoft\u200b Edge": 10.011541000000001, "4% complete": 5.016924, "44% complete": 5.016898, "67% complete": 5.015301, "File Too Large": 5.014147, "electron js childprocess exec stdout - Bing and 2 more pages - Personal - Microsoft\u200b Edge": 5.01339, "27% complete": 5.013361, "electron js alert pop up with higher index - Bing and 5 more pages - Personal - Microsoft\u200b Edge": 5.013115, "34% complete": 5.010555, "New folder": 5.010126, "56% complete": 5.010126, "electron js fork exe child processes - Bing and 1 more page - Personal - Microsoft\u200b Edge": 5.009202, "File Explorer": 5.008461, "electron js childprocess spawn enoent - Bing and 3 more pages - Personal - Microsoft\u200b Edge": 5.006735, "15% complete": 5.006696, "2\u200c": 5.006651, "1\u200c": 5.006651, "F\u200c": 5.006651, "H\u200c": 5.006651, "S\u200c": 5.006651, "V\u200c": 5.006651, "E\u200c": 5.006651, "66% complete": 5.006449, "Format BSR (F:)": 5.005356, "electron notificationconstructoroptions - Bing and 7 more pages - Personal - Microsoft\u200b Edge": 5.0047, "javascript - Child Process Exec Failed Electron App Calling nodejs SpeedTest - Stack Overflow and 1 more page - Personal - Microsoft\u200b Edge": 5.003582, "C:\\Windows\\System32\\cmd.exe - .\\engine\\client_app\\client_app.exe  .": 0.118479, "You Are The Reason - YouTube Music - Brave": 0.118479, "package.json - Visual Studio Code": 0.101997, "6% complete": 5.00626}