{"Films & TV": 5.032498, "Microsoft Text Input Application": 5.032498, "Microsoft Store": 5.032498, "Task Manager": 5.032498, "ems-client-app": 5.032498, "user@debian: ~": 5.032498, "C:\\Windows\\System32\\cmd.exe": 5.032498, "Inbox - Outlook \u200e- Mail": 5.032498, "File Explorer": 5.032498, "MainWindow": 5.032498, "Program Manager": 5.032498, "MongoDB Compass Community - 192.168.86.41:27017": 5.032498, "Calculator": 5.032498, "app": 5.032498, "Mail": 5.032498, "Settings": 5.032498, "C:\\Windows\\System32\\cmd.exe - python  engine\\client_app.py .": 5.032498, "AnyDesk": 5.032498}