{"Microsoft Text Input Application": 1953.7127940000007, "MainWindow": 1953.7127940000007, "Program Manager": 1953.7127940000007, "Microsoft Store": 1933.6187160000009, "Settings": 1883.5399170000007, "Calculator": 1863.5124060000007, "Mail": 1853.5036990000008, "Inbox - Outlook \u200e- Mail": 1853.5036990000008, "Films & TV": 1843.4859300000012, "Hyper-V Manager": 1207.1859900000004, "Windows 10 on SOWRISURYA - Virtual Machine Connection": 1092.0109960000004, "npm": 966.9331379999996, "Task Manager": 896.8696699999996, "ems-client-app": 826.7389619999997, "C:\\Windows\\System32\\cmd.exe": 786.5142920000001, "Windows 10 Tester on SOWRISURYA - Virtual Machine Connection": 706.2357320000001, "employee_monitoring_system": 636.3187929999995, "Windows Security": 626.1155299999998, "dist": 581.019905, "functions.js - Visual Studio Code": 510.997944, "javascript decimal format - Bing - Personal - Microsoft\u200b Edge": 415.8814809999998, "Compress Images in Python (No Archive) - Stack Overflow and 1 more page - Personal - Microsoft\u200b Edge": 370.6535740000001, "C:\\Windows\\System32\\cmd.exe - python": 330.551437, "html - Prevent line-break of span element - Stack Overflow and 2 more pages - Personal - Microsoft\u200b Edge": 205.31745499999994, "html allow single line flow for span - Bing - Personal - Microsoft\u200b Edge": 175.334457, "client-app-build": 155.283352, "\u25cf functions.js - Visual Studio Code": 150.263996, "package.json - Visual Studio Code": 150.26955500000005, "linkers": 85.127723, "Task Switching": 80.19233, "web-ui": 60.097415999999996, "Windows PowerShell": 60.092827, "New tab - Personal - Microsoft\u200b Edge": 30.079119999999996, "engine": 15.104453, "main.js - Visual Studio Code": 10.062884, "HTML Inline-Block | Learn How to Create HTML Inline Block? and 1 more page - Personal - Microsoft\u200b Edge": 10.025812, "\u25cf main.js - Visual Studio Code": 10.024978, "Select npm": 10.020259, "Dashboard | CloudAdda Customer Portal and 2 more pages - Personal - Microsoft\u200b Edge": 10.019242, "index.html - Visual Studio Code": 10.018939, "Login | CloudAdda Customer Portal and 2 more pages - Personal - Microsoft\u200b Edge": 10.011063, "Untitled and 2 more pages - Personal - Microsoft\u200b Edge": 10.007468, "File Explorer": 5.02106, "CloudAdda - Cloud manage Portal and 2 more pages - Personal - Microsoft\u200b Edge": 5.016068, "__msi-x64": 5.015994, "\u25cf package.json - Visual Studio Code": 5.015317, "Connect to Windows 10": 5.015115, "Projects": 5.013751, "python compress images - Bing - Personal - Microsoft\u200b Edge": 5.013316, "Apply Checkpoint": 5.013003, "Visual Studio Code": 5.010014, "user-monitoring-system": 5.007466, "node-gyp": 5.004316, "Sowri (D:)": 5.003985, "comp.png \u200e- Photos": 5.0033, "Replace or Skip Files": 5.002326, "Radeonsoftware": 5.002112, "client_app.py - Visual Studio Code": 0.064001, "python - \"AttributeError: 'module' object has no attribute 'CUIAutomation\" - Stack Overflow and 3 more pages - Personal - Microsoft\u200b Edge": 0.064001, "Program Files": 0.064001, "C:\\Windows\\System32\\cmd.exe - python  client_app.py .": 0.064001, "Administrator: Command Prompt": 0.064001, "Menu | CloudAdda Customer Portal and 2 more pages - Personal - Microsoft\u200b Edge": 5.004081}